[{"citizen_arrested": "Yes", "uof_reason": "Danger to self or others", "longitude": null, "id": 62, "citizen_number": "37683", "hire_date": "2014-01-29T00:00:00", "citizen_race": "Black", "service_type": "Other ( In Narrative)", "curren_badge_no": "10757", "citizen_condition": "No injuries noted or visible", "officer_injured": "No", "force_effective": "Yes, No, No", "citizen_assesment": "Mentally unstable", "citizen_sex": "Female", "uof_num": "23578, 23579, 23580", "latitude": null, "officer_condition": "No injuries noted or visible", "date": "2015-02-10T00:00:00", "citizen_injured": "No", "force_type": "Held Suspect Down, Verbal Command, Joint Locks", "officer_sex": "Male", "officer_hospital": "No", "officer_race": "White", "time": "16:00", "citizen_charge": "APOWW", "street_address": "2100 Arden Rd/ Lancaster Rd. Rd."}, {"citizen_arrested": "No", "uof_reason": "Danger to self or others", "longitude": null, "id": 63, "citizen_number": "37683", "hire_date": "2002-07-19T00:00:00", "citizen_race": "Black", "service_type": "Service Call", "curren_badge_no": "8285", "citizen_condition": "No injuries noted or visible", "officer_injured": "No", "force_effective": "Yes, Yes", "citizen_assesment": "Mentally unstable", "citizen_sex": "Female", "uof_num": "23581, 23582", "latitude": null, "officer_condition": "No injuries noted or visible", "date": "2015-02-10T00:00:00", "citizen_injured": "No", "force_type": "Take Down - Body, Joint Locks", "officer_sex": "Male", "officer_hospital": "No", "officer_race": "White", "time": "16:00", "citizen_charge": "No Arrest", "street_address": "2100 Arden Rd/ Lancaster Rd. Rd."}, {"citizen_arrested": "Yes", "uof_reason": "Arrest", "longitude": null, "id": 68, "citizen_number": "37719", "hire_date": "1989-11-02T00:00:00", "citizen_race": "Black", "service_type": "Crime in Progress", "curren_badge_no": "6175", "citizen_condition": "No injuries noted or visible", "officer_injured": "No", "force_effective": "Yes", "citizen_assesment": "Unknown", "citizen_sex": "Male", "uof_num": "23618", "latitude": null, "officer_condition": "No injuries noted or visible", "date": "2015-02-11T00:00:00", "citizen_injured": "No", "force_type": "Hand/Arm/Elbow Strike", "officer_sex": "Male", "officer_hospital": "No", "officer_race": "White", "time": "15:45", "citizen_charge": "Robbery, Evading Arrest", "street_address": "8700 Walnut Hill Ln."}, {"citizen_arrested": "No", "uof_reason": "Danger to self or others", "longitude": null, "id": 76, "citizen_number": "37527", "hire_date": "2012-03-28T00:00:00", "citizen_race": "Hispanic", "service_type": "Service Call", "curren_badge_no": "10313", "citizen_condition": "Injured prior to contact, Hospitalized, Treated by DFD", "officer_injured": "No", "force_effective": "No, Yes, Yes, Yes", "citizen_assesment": "Mentally unstable", "citizen_sex": "Male", "uof_num": "23398, 23400, 23401, 23403", "latitude": null, "officer_condition": "No injuries noted or visible", "date": "2015-02-01T00:00:00", "citizen_injured": "Yes", "force_type": "Verbal Command, Joint Locks, Held Suspect Down, Held Suspect Down", "officer_sex": "Male", "officer_hospital": "No", "officer_race": "White", "time": "18:30", "citizen_charge": "No Arrest", "street_address": "4407 ELSIE FAYE HEGGINS ST"}, {"citizen_arrested": "No", "uof_reason": "Danger to self or others", "longitude": null, "id": 77, "citizen_number": "37527", "hire_date": "2013-04-10T00:00:00", "citizen_race": "Hispanic", "service_type": "Service Call", "curren_badge_no": "10506", "citizen_condition": "Injured prior to contact, Hospitalized, Treated by DFD", "officer_injured": "No", "force_effective": "No, Yes, Yes, Yes", "citizen_assesment": "Mentally unstable", "citizen_sex": "Male", "uof_num": "23399, 23402, 23404, 23405", "latitude": null, "officer_condition": "No injuries noted or visible", "date": "2015-02-01T00:00:00", "citizen_injured": "Yes", "force_type": "Verbal Command, Held Suspect Down, Held Suspect Down, Held Suspect Down", "officer_sex": "Male", "officer_hospital": "No", "officer_race": "White", "time": "18:30", "citizen_charge": "No Arrest", "street_address": "4407 ELSIE FAYE HEGGINS ST"}, {"citizen_arrested": "Yes", "uof_reason": "Danger to self or others", "longitude": null, "id": 125, "citizen_number": "37883", "hire_date": "2010-09-29T00:00:00", "citizen_race": "Black", "service_type": "Service Call", "curren_badge_no": "10282", "citizen_condition": "No injuries noted or visible", "officer_injured": "No", "force_effective": "Yes", "citizen_assesment": "Alchohol", "citizen_sex": "Male", "uof_num": "23791", "latitude": null, "officer_condition": "No injuries noted or visible", "date": "2015-02-24T00:00:00", "citizen_injured": "No", "force_type": "Held Suspect Down", "officer_sex": "Male", "officer_hospital": "No", "officer_race": "Black", "time": "23:40", "citizen_charge": "Public Intoxication", "street_address": "4500 Larue St."}, {"citizen_arrested": "Yes", "uof_reason": "Danger to self or others", "longitude": null, "id": 126, "citizen_number": "37883", "hire_date": "2006-09-27T00:00:00", "citizen_race": "Black", "service_type": "Service Call", "curren_badge_no": "8933", "citizen_condition": "No injuries noted or visible", "officer_injured": "No", "force_effective": "Yes", "citizen_assesment": "Alchohol", "citizen_sex": "Male", "uof_num": "23792", "latitude": null, "officer_condition": "No injuries noted or visible", "date": "2015-02-24T00:00:00", "citizen_injured": "No", "force_type": "Held Suspect Down", "officer_sex": "Male", "officer_hospital": "No", "officer_race": "White", "time": "23:40", "citizen_charge": "Public Intoxication", "street_address": "4500 Larue St."}, {"citizen_arrested": "Yes", "uof_reason": "Danger to self or others", "longitude": null, "id": 127, "citizen_number": "37883", "hire_date": "2010-09-29T00:00:00", "citizen_race": "Black", "service_type": "Other ( In Narrative)", "curren_badge_no": "10282", "citizen_condition": "No injuries noted or visible", "officer_injured": "No", "force_effective": "Yes, Yes", "citizen_assesment": "Alchohol", "citizen_sex": "Male", "uof_num": "23794, 23795", "latitude": null, "officer_condition": "No injuries noted or visible", "date": "2015-02-23T00:00:00", "citizen_injured": "No", "force_type": "BD - Grabbed, Joint Locks", "officer_sex": "Male", "officer_hospital": "No", "officer_race": "Black", "time": "23:30", "citizen_charge": "Public Intoxication, Curfew Violation", "street_address": "4500 Larue St."}, {"citizen_arrested": "Yes", "uof_reason": "Active Aggression", "longitude": null, "id": 130, "citizen_number": "37933", "hire_date": "2012-03-28T00:00:00", "citizen_race": "Black", "service_type": "Arrest", "curren_badge_no": "10327", "citizen_condition": "No injuries noted or visible", "officer_injured": "No", "force_effective": "Yes", "citizen_assesment": "NULL", "citizen_sex": "Female", "uof_num": "23850", "latitude": null, "officer_condition": "No injuries noted or visible", "date": "2015-02-28T00:00:00", "citizen_injured": "No", "force_type": "Held Suspect Down", "officer_sex": "Male", "officer_hospital": "No", "officer_race": "Black", "time": "18:00", "citizen_charge": "APOWW", "street_address": "9386 L B J FWY"}, {"citizen_arrested": "Yes", "uof_reason": "Arrest", "longitude": null, "id": 174, "citizen_number": null, "hire_date": "1991-08-26T00:00:00", "citizen_race": "Black", "service_type": "Arrest", "curren_badge_no": "6736", "citizen_condition": "No injuries noted or visible", "officer_injured": "No", "force_effective": "No, Yes", "citizen_assesment": "Unknown Drugs", "citizen_sex": "Male", "uof_num": "23671, 23672", "latitude": null, "officer_condition": "No injuries noted or visible", "date": "2015-02-17T00:00:00", "citizen_injured": "No", "force_type": "Verbal Command, Weapon display at Person", "officer_sex": "Male", "officer_hospital": "No", "officer_race": "White", "time": "14:30", "citizen_charge": "No Arrest", "street_address": "9229 John Carpenter Frwy."}, {"citizen_arrested": "Yes", "uof_reason": "Arrest", "longitude": null, "id": 175, "citizen_number": null, "hire_date": "1991-08-26T00:00:00", "citizen_race": "Black", "service_type": "Arrest", "curren_badge_no": "6736", "citizen_condition": "No injuries noted or visible", "officer_injured": "No", "force_effective": "No, Yes", "citizen_assesment": "Unknown Drugs", "citizen_sex": "Male", "uof_num": "23671, 23672", "latitude": null, "officer_condition": "No injuries noted or visible", "date": "2015-02-17T00:00:00", "citizen_injured": "No", "force_type": "Verbal Command, Weapon display at Person", "officer_sex": "Male", "officer_hospital": "No", "officer_race": "White", "time": "14:30", "citizen_charge": "Other Misdemeanor Arrest", "street_address": "9229 John Carpenter Frwy."}, {"citizen_arrested": "Yes", "uof_reason": "Arrest", "longitude": null, "id": 176, "citizen_number": null, "hire_date": "1991-08-26T00:00:00", "citizen_race": "Hispanic", "service_type": "Arrest", "curren_badge_no": "6736", "citizen_condition": "No injuries noted or visible", "officer_injured": "No", "force_effective": "No, Yes", "citizen_assesment": "Unknown Drugs", "citizen_sex": "Male", "uof_num": "23671, 23672", "latitude": null, "officer_condition": "No injuries noted or visible", "date": "2015-02-17T00:00:00", "citizen_injured": "No", "force_type": "Verbal Command, Weapon display at Person", "officer_sex": "Male", "officer_hospital": "No", "officer_race": "White", "time": "14:30", "citizen_charge": "Other Misdemeanor Arrest", "street_address": "9229 John Carpenter Frwy."}, {"citizen_arrested": "Yes", "uof_reason": "Danger to self or others", "longitude": null, "id": 177, "citizen_number": null, "hire_date": "2014-01-29T00:00:00", "citizen_race": "Black", "service_type": "Warrant Execution", "curren_badge_no": "10733", "citizen_condition": "Redness/Swelling", "officer_injured": "No", "force_effective": "Yes", "citizen_assesment": "Unknown", "citizen_sex": "Male", "uof_num": "23673", "latitude": null, "officer_condition": "No injuries noted or visible", "date": "2015-02-17T00:00:00", "citizen_injured": "Yes", "force_type": "Held Suspect Down", "officer_sex": "Male", "officer_hospital": "No", "officer_race": "Hispanic", "time": "17:00", "citizen_charge": "Warrant/Hold", "street_address": "9229 John Carpenter Frwy."}, {"citizen_arrested": "Yes", "uof_reason": "Arrest", "longitude": null, "id": 216, "citizen_number": "38305", "hire_date": "2013-11-06T00:00:00", "citizen_race": "Black", "service_type": "Arrest", "curren_badge_no": "10714", "citizen_condition": "No injuries noted or visible", "officer_injured": "No", "force_effective": "Yes, Yes", "citizen_assesment": "Unknown", "citizen_sex": "Male", "uof_num": "24414, 24416", "latitude": null, "officer_condition": "No injuries noted or visible", "date": "2015-03-22T00:00:00", "citizen_injured": "No", "force_type": "BD - Grabbed, Held Suspect Down", "officer_sex": "Male", "officer_hospital": "No", "officer_race": "Hispanic", "time": "16:30", "citizen_charge": "APOWW", "street_address": "3256 E NANDINA DR. Dr."}, {"citizen_arrested": "No", "uof_reason": "Other", "longitude": null, "id": 237, "citizen_number": "38154", "hire_date": "2010-09-29T00:00:00", "citizen_race": "Other", "service_type": "Service Call", "curren_badge_no": "9948", "citizen_condition": "No injuries noted or visible", "officer_injured": "No", "force_effective": "No, No", "citizen_assesment": "Unknown", "citizen_sex": "Male", "uof_num": "24225, 24229", "latitude": null, "officer_condition": "No injuries noted or visible", "date": "2015-03-15T00:00:00", "citizen_injured": "No", "force_type": "BD - Grabbed, Verbal Command", "officer_sex": "Male", "officer_hospital": "No", "officer_race": "Hispanic", "time": "5:50", "citizen_charge": "No Arrest", "street_address": "10570 Stone Canyon Dr."}, {"citizen_arrested": "No", "uof_reason": "Danger to self or others", "longitude": null, "id": 238, "citizen_number": "37379", "hire_date": "2006-09-13T00:00:00", "citizen_race": "Black", "service_type": "Other ( In Narrative)", "curren_badge_no": "8917", "citizen_condition": "No injuries noted or visible", "officer_injured": "No", "force_effective": "No", "citizen_assesment": "Unknown", "citizen_sex": "Male", "uof_num": "24565", "latitude": null, "officer_condition": "No injuries noted or visible", "date": "2015-03-28T00:00:00", "citizen_injured": "No", "force_type": "Weapon display at Person", "officer_sex": "Male", "officer_hospital": "No", "officer_race": "White", "time": "22:00", "citizen_charge": "No Arrest", "street_address": "1550 Empire Central"}, {"citizen_arrested": "Yes", "uof_reason": "Danger to self or others", "longitude": null, "id": 289, "citizen_number": "37118", "hire_date": "2010-01-20T00:00:00", "citizen_race": "White", "service_type": "Traffic Stop", "curren_badge_no": "10074", "citizen_condition": "No injuries noted or visible", "officer_injured": "No", "force_effective": "No, Yes", "citizen_assesment": "Unknown Drugs", "citizen_sex": "Male", "uof_num": "23950, 23951", "latitude": null, "officer_condition": "No injuries noted or visible", "date": "2015-01-03T00:00:00", "citizen_injured": "No", "force_type": "Verbal Command, Joint Locks", "officer_sex": "Male", "officer_hospital": "No", "officer_race": "White", "time": "18:15", "citizen_charge": "Criminal Mischief", "street_address": "2800 E R L THORNTON FWY"}, {"citizen_arrested": "Yes", "uof_reason": "Detention/Frisk", "longitude": null, "id": 294, "citizen_number": "38418", "hire_date": "2012-09-26T00:00:00", "citizen_race": "Black", "service_type": "Suspicious Activity", "curren_badge_no": "10462", "citizen_condition": "Abrasion/Scrape", "officer_injured": "No", "force_effective": "No, Yes, No, No, No", "citizen_assesment": "Unknown", "citizen_sex": "Male", "uof_num": "24513, 24514, 24515, 24516, 24517", "latitude": null, "officer_condition": "No injuries noted or visible", "date": "2015-03-27T00:00:00", "citizen_injured": "Yes", "force_type": "Verbal Command, BD - Grabbed, BD - Tripped, BD - Grabbed, Pressure Points", "officer_sex": "Female", "officer_hospital": "No", "officer_race": "White", "time": "1:40", "citizen_charge": "Warrant/Hold", "street_address": "13600 Montfort Rd."}, {"citizen_arrested": "Yes", "uof_reason": "Arrest", "longitude": null, "id": 295, "citizen_number": "38092", "hire_date": "2014-06-18T00:00:00", "citizen_race": "Black", "service_type": "Arrest", "curren_badge_no": "10849", "citizen_condition": "No injuries noted or visible", "officer_injured": "No", "force_effective": "No, Yes, Yes", "citizen_assesment": "Unknown", "citizen_sex": "Male", "uof_num": "24140, 24141, 24142", "latitude": null, "officer_condition": "No injuries noted or visible", "date": "2015-03-11T00:00:00", "citizen_injured": "No", "force_type": "Verbal Command, Joint Locks, BD - Pushed", "officer_sex": "Male", "officer_hospital": "No", "officer_race": "Hispanic", "time": "3:00", "citizen_charge": "DWLI, Warrant/Hold", "street_address": "1600 ELSIE FAYE HEGGINS ST"}, {"citizen_arrested": "Yes", "uof_reason": "Arrest", "longitude": null, "id": 338, "citizen_number": "37472", "hire_date": "2007-07-11T00:00:00", "citizen_race": "White", "service_type": "Arrest", "curren_badge_no": "9178", "citizen_condition": "No injuries noted or visible", "officer_injured": "No", "force_effective": "Yes", "citizen_assesment": "Alchohol", "citizen_sex": "Male", "uof_num": "23296", "latitude": null, "officer_condition": "No injuries noted or visible", "date": "2015-01-28T00:00:00", "citizen_injured": "No", "force_type": "Hand Controlled Escort", "officer_sex": "Male", "officer_hospital": "No", "officer_race": "White", "time": "2:34", "citizen_charge": "DWI", "street_address": "4151 N FITZHUGH Ave."}, {"citizen_arrested": "Yes", "uof_reason": "Arrest", "longitude": null, "id": 362, "citizen_number": "32587", "hire_date": "2014-05-07T00:00:00", "citizen_race": "White", "service_type": "Service Call", "curren_badge_no": "10811", "citizen_condition": "No injuries noted or visible", "officer_injured": "No", "force_effective": "Yes, Yes", "citizen_assesment": "Alchohol", "citizen_sex": "Male", "uof_num": "24254, 24255", "latitude": null, "officer_condition": "No injuries noted or visible", "date": "2015-03-16T00:00:00", "citizen_injured": "No", "force_type": "Weapon display at Person, Verbal Command", "officer_sex": "Male", "officer_hospital": "No", "officer_race": "White", "time": "0:55", "citizen_charge": "Assault/FV, Other Felony Arrest", "street_address": "5522 Eastside Ave."}, {"citizen_arrested": "Yes", "uof_reason": "Assault to Other Person", "longitude": null, "id": 378, "citizen_number": "38595", "hire_date": "2012-03-28T00:00:00", "citizen_race": "Black", "service_type": "Arrest", "curren_badge_no": "10333", "citizen_condition": "No injuries noted or visible", "officer_injured": "No", "force_effective": "No, Yes, Yes", "citizen_assesment": "Alchohol", "citizen_sex": "Male", "uof_num": "24801, 24802, 24804", "latitude": null, "officer_condition": "No injuries noted or visible", "date": "2015-04-01T00:00:00", "citizen_injured": "No", "force_type": "Verbal Command, Take Down - Arm, Held Suspect Down", "officer_sex": "Male", "officer_hospital": "No", "officer_race": "Hispanic", "time": "17:45", "citizen_charge": "Assault, Resisting Arrest, Other Felony Arrest", "street_address": "4818 2nd Ave."}, {"citizen_arrested": "Yes", "uof_reason": "Active Aggression", "longitude": null, "id": 379, "citizen_number": "38596", "hire_date": "2012-03-28T00:00:00", "citizen_race": "Black", "service_type": "Arrest", "curren_badge_no": "10329", "citizen_condition": "No injuries noted or visible", "officer_injured": "No", "force_effective": "No, Yes, Yes, Yes", "citizen_assesment": "Alchohol and unknown drugs", "citizen_sex": "Male", "uof_num": "24805, 24806, 24807, 24808", "latitude": null, "officer_condition": "No injuries noted or visible", "date": "2015-04-01T00:00:00", "citizen_injured": "No", "force_type": "Verbal Command, Hand Controlled Escort, Take Down - Arm, Held Suspect Down", "officer_sex": "Male", "officer_hospital": "No", "officer_race": "Black", "time": "17:45", "citizen_charge": "Assault, Other Felony Arrest, Resisting Arrest", "street_address": "4818 2nd Ave."}, {"citizen_arrested": "Yes", "uof_reason": "Arrest", "longitude": null, "id": 406, "citizen_number": "18865", "hire_date": "2004-05-26T00:00:00", "citizen_race": "Black", "service_type": "Service Call", "curren_badge_no": "8502", "citizen_condition": "No injuries noted or visible", "officer_injured": "No", "force_effective": "No, Yes", "citizen_assesment": "Unknown Drugs", "citizen_sex": "Male", "uof_num": "24996, 24997", "latitude": null, "officer_condition": "No injuries noted or visible", "date": "2015-04-14T00:00:00", "citizen_injured": "No", "force_type": "BD - Pushed, BD - Pushed", "officer_sex": "Male", "officer_hospital": "No", "officer_race": "Hispanic", "time": "21:50", "citizen_charge": "DWI, DWLI, Warrant/Hold", "street_address": "4300 DALLAS FT WORTH TURNPIKE"}, {"citizen_arrested": "Yes", "uof_reason": "Arrest", "longitude": null, "id": 407, "citizen_number": "18865", "hire_date": "2000-09-22T00:00:00", "citizen_race": "Black", "service_type": "Service Call", "curren_badge_no": "7962", "citizen_condition": "No injuries noted or visible", "officer_injured": "No", "force_effective": "Yes, Yes", "citizen_assesment": "Unknown Drugs", "citizen_sex": "Male", "uof_num": "24998, 24999", "latitude": null, "officer_condition": "No injuries noted or visible", "date": "2015-04-14T00:00:00", "citizen_injured": "No", "force_type": "Feet/Leg/Knee Strike, Pressure Points", "officer_sex": "Male", "officer_hospital": "No", "officer_race": "White", "time": "21:50", "citizen_charge": "DWI, DWLI, Warrant/Hold", "street_address": "4300 DALLAS FT WORTH TURNPIKE"}, {"citizen_arrested": "No", "uof_reason": "Detention/Frisk", "longitude": null, "id": 420, "citizen_number": "38850", "hire_date": "2000-07-07T00:00:00", "citizen_race": "Unknown", "service_type": "Crowd Control", "curren_badge_no": "7930", "citizen_condition": "No injuries noted or visible", "officer_injured": "No", "force_effective": "Yes", "citizen_assesment": "None detected", "citizen_sex": "Male", "uof_num": "25161", "latitude": null, "officer_condition": "No injuries noted or visible", "date": "2015-04-18T00:00:00", "citizen_injured": "No", "force_type": "BD - Grabbed", "officer_sex": "Male", "officer_hospital": "No", "officer_race": "Black", "time": "21:00", "citizen_charge": "No Arrest", "street_address": "3851 MIDWAY RD"}, {"citizen_arrested": "Yes", "uof_reason": "Arrest", "longitude": null, "id": 424, "citizen_number": "38772", "hire_date": "2012-03-28T00:00:00", "citizen_race": "Black", "service_type": "Arrest", "curren_badge_no": "10308", "citizen_condition": "Injured prior to contact", "officer_injured": "No", "force_effective": "No, Yes", "citizen_assesment": "Unknown", "citizen_sex": "Male", "uof_num": "25014, 25017", "latitude": null, "officer_condition": "No injuries noted or visible", "date": "2015-04-15T00:00:00", "citizen_injured": "Yes", "force_type": "Verbal Command, Joint Locks", "officer_sex": "Male", "officer_hospital": "No", "officer_race": "White", "time": "18:30", "citizen_charge": "Warrant/Hold, Resisting Arrest, Drug Possession - Misdemeanor", "street_address": "900 WOODALL RODGERS Frwy."}, {"citizen_arrested": "Yes", "uof_reason": "Arrest", "longitude": null, "id": 475, "citizen_number": "38968", "hire_date": "2006-02-10T00:00:00", "citizen_race": "Black", "service_type": "Service Call", "curren_badge_no": "8782", "citizen_condition": "OC Spray Treatment, Treated by DFD", "officer_injured": "No", "force_effective": "No, No, Yes", "citizen_assesment": "Alchohol and unknown drugs", "citizen_sex": "Male", "uof_num": "25326, 25327, 25328", "latitude": null, "officer_condition": "No injuries noted or visible", "date": "2015-04-26T00:00:00", "citizen_injured": "Yes", "force_type": "Feet/Leg/Knee Strike, Verbal Command, OC Spray", "officer_sex": "Male", "officer_hospital": "No", "officer_race": "White", "time": "1:55", "citizen_charge": "Public Intoxication, Resisting Search and Transport", "street_address": "15000 L B J FWY"}, {"citizen_arrested": "Yes", "uof_reason": "Danger to self or others", "longitude": null, "id": 565, "citizen_number": "37389", "hire_date": "2012-03-28T00:00:00", "citizen_race": "Hispanic", "service_type": "Service Call", "curren_badge_no": "10318", "citizen_condition": "No injuries noted or visible", "officer_injured": "Yes", "force_effective": "Yes", "citizen_assesment": "Alchohol", "citizen_sex": "Male", "uof_num": "23149", "latitude": null, "officer_condition": "Bruise", "date": "2015-01-22T00:00:00", "citizen_injured": "No", "force_type": "Take Down - Body", "officer_sex": "Male", "officer_hospital": "No", "officer_race": "White", "time": "20:45", "citizen_charge": "Public Intoxication, Resisting Search and Transport", "street_address": "6675 Cedar Ridge Dr."}, {"citizen_arrested": "Yes", "uof_reason": "Weapon Display", "longitude": null, "id": 566, "citizen_number": "37417", "hire_date": "2009-09-30T00:00:00", "citizen_race": "White", "service_type": "Other ( In Narrative)", "curren_badge_no": "9985", "citizen_condition": "No injuries noted or visible", "officer_injured": "No", "force_effective": "Yes", "citizen_assesment": "Alchohol", "citizen_sex": "Male", "uof_num": "23178", "latitude": null, "officer_condition": "No injuries noted or visible", "date": "2015-01-23T00:00:00", "citizen_injured": "No", "force_type": "Weapon display at Person", "officer_sex": "Male", "officer_hospital": "No", "officer_race": "White", "time": "22:35", "citizen_charge": "Other Agency Arrest", "street_address": "210 Merribrook Trl."}, {"citizen_arrested": "Yes", "uof_reason": "Active Aggression", "longitude": null, "id": 579, "citizen_number": "37427", "hire_date": "2010-08-18T00:00:00", "citizen_race": "Hispanic", "service_type": "Arrest", "curren_badge_no": "10235", "citizen_condition": "Abrasion/Scrape", "officer_injured": "No", "force_effective": "No, No, No, Yes", "citizen_assesment": "Unknown", "citizen_sex": "Male", "uof_num": "23214, 23215, 23216, 23217", "latitude": null, "officer_condition": "No injuries noted or visible", "date": "2015-01-25T00:00:00", "citizen_injured": "Yes", "force_type": "Verbal Command, Hand Controlled Escort, BD - Pushed, Take Down - Arm", "officer_sex": "Male", "officer_hospital": "No", "officer_race": "Hispanic", "time": "0:15", "citizen_charge": "Other Misdemeanor Arrest", "street_address": "4900 ALTON Ave."}, {"citizen_arrested": "Yes", "uof_reason": "Detention/Frisk", "longitude": null, "id": 633, "citizen_number": "38708", "hire_date": "2013-08-14T00:00:00", "citizen_race": "Black", "service_type": "Arrest", "curren_badge_no": "10632", "citizen_condition": "No injuries noted or visible", "officer_injured": "Yes", "force_effective": "No, Yes", "citizen_assesment": "None detected", "citizen_sex": "Male", "uof_num": "24942, 24943", "latitude": null, "officer_condition": "Fatigue, Abrasion/Scrape", "date": "2015-04-12T00:00:00", "citizen_injured": "No", "force_type": "Verbal Command, Held Suspect Down", "officer_sex": "Male", "officer_hospital": "No", "officer_race": "White", "time": "17:40", "citizen_charge": "Evading Arrest", "street_address": "4600 S MALCOLM X Blvd."}, {"citizen_arrested": "Yes", "uof_reason": "Arrest", "longitude": null, "id": 644, "citizen_number": "38485", "hire_date": "2008-05-14T00:00:00", "citizen_race": "Black", "service_type": "Arrest", "curren_badge_no": "9462", "citizen_condition": "No injuries noted or visible", "officer_injured": "No", "force_effective": "No, No, Yes", "citizen_assesment": "Alchohol and unknown drugs", "citizen_sex": "Male", "uof_num": "24619, 24620, 24621", "latitude": null, "officer_condition": "No injuries noted or visible", "date": "2015-03-30T00:00:00", "citizen_injured": "No", "force_type": "Verbal Command, Take Down - Body, Hand/Arm/Elbow Strike", "officer_sex": "Male", "officer_hospital": "No", "officer_race": "White", "time": "22:13", "citizen_charge": "Resisting Arrest, Warrant/Hold", "street_address": "3461 st francis Ave."}, {"citizen_arrested": "Yes", "uof_reason": "Active Aggression", "longitude": null, "id": 645, "citizen_number": "38485", "hire_date": "2013-11-06T00:00:00", "citizen_race": "Black", "service_type": "Arrest", "curren_badge_no": "10704", "citizen_condition": "Abrasion/Scrape", "officer_injured": "No", "force_effective": "No, No, Yes, Yes", "citizen_assesment": "Alchohol", "citizen_sex": "Male", "uof_num": "24669, 24670, 24671, 24672", "latitude": null, "officer_condition": "No injuries noted or visible", "date": "2015-03-30T00:00:00", "citizen_injured": "Yes", "force_type": "Verbal Command, BD - Grabbed, Held Suspect Down, Joint Locks", "officer_sex": "Male", "officer_hospital": "No", "officer_race": "White", "time": "21:55", "citizen_charge": "Warrant/Hold, Resisting Arrest", "street_address": "3461 st francis Ave."}, {"citizen_arrested": "Yes", "uof_reason": "Arrest", "longitude": null, "id": 690, "citizen_number": "15008", "hire_date": "2012-09-26T00:00:00", "citizen_race": "Black", "service_type": "Service Call", "curren_badge_no": "10436", "citizen_condition": "No injuries noted or visible", "officer_injured": "No", "force_effective": "No, No, Yes", "citizen_assesment": "NULL", "citizen_sex": "Female", "uof_num": "25648, 25708, 25709", "latitude": null, "officer_condition": "No injuries noted or visible", "date": "2015-05-14T00:00:00", "citizen_injured": "No", "force_type": "Held Suspect Down, Verbal Command, Hand Controlled Escort", "officer_sex": "Male", "officer_hospital": "No", "officer_race": "White", "time": "1:00", "citizen_charge": "Crim Trespass/Bldg/Prop, Resisting Arrest, Fail to ID, Warrant/Hold", "street_address": "4600 S MALCOLM X Blvd."}, {"citizen_arrested": "Yes", "uof_reason": "Active Aggression", "longitude": null, "id": 702, "citizen_number": "39392", "hire_date": "2005-08-05T00:00:00", "citizen_race": "White", "service_type": "Arrest", "curren_badge_no": "8694", "citizen_condition": "No injuries noted or visible", "officer_injured": "No", "force_effective": "Yes, No", "citizen_assesment": "Unknown", "citizen_sex": "Male", "uof_num": "25822, 25823", "latitude": null, "officer_condition": "No injuries noted or visible", "date": "2015-05-21T00:00:00", "citizen_injured": "No", "force_type": "Hand/Arm/Elbow Strike, Feet/Leg/Knee Strike", "officer_sex": "Male", "officer_hospital": "No", "officer_race": "White", "time": "14:00", "citizen_charge": "Drug Possession - Felony, Theft, Resisting Arrest, Warrant/Hold", "street_address": "5800 Crystal Lake Blvd."}, {"citizen_arrested": "Yes", "uof_reason": "Arrest", "longitude": null, "id": 759, "citizen_number": "39170", "hire_date": "2013-09-25T00:00:00", "citizen_race": "White", "service_type": "Arrest", "curren_badge_no": "10667", "citizen_condition": "No injuries noted or visible", "officer_injured": "No", "force_effective": "No, No", "citizen_assesment": "Alchohol", "citizen_sex": "Male", "uof_num": "25543, 25544", "latitude": null, "officer_condition": "No injuries noted or visible", "date": "2015-05-09T00:00:00", "citizen_injured": "No", "force_type": "Verbal Command, Held Suspect Down", "officer_sex": "Male", "officer_hospital": "No", "officer_race": "White", "time": "4:00", "citizen_charge": "Public Intoxication, Resisting Arrest, Other Misdemeanor Arrest", "street_address": "4810 SPUR 408"}, {"citizen_arrested": "Yes", "uof_reason": "Arrest", "longitude": null, "id": 768, "citizen_number": "39515", "hire_date": "2012-09-26T00:00:00", "citizen_race": "Black", "service_type": "Arrest", "curren_badge_no": "10480", "citizen_condition": "No injuries noted or visible", "officer_injured": "No", "force_effective": "Yes", "citizen_assesment": "Unknown", "citizen_sex": "Male", "uof_num": "26095", "latitude": null, "officer_condition": "No injuries noted or visible", "date": "2015-06-02T00:00:00", "citizen_injured": "No", "force_type": "BD - Pushed", "officer_sex": "Male", "officer_hospital": "No", "officer_race": "Hispanic", "time": "2:15", "citizen_charge": "Warrant/Hold", "street_address": "600 E R L THORNTON FWY"}, {"citizen_arrested": "No", "uof_reason": "Weapon Display", "longitude": null, "id": 783, "citizen_number": null, "hire_date": "2013-09-25T00:00:00", "citizen_race": "Black", "service_type": "Service Call", "curren_badge_no": "10647", "citizen_condition": "No injuries noted or visible", "officer_injured": "No", "force_effective": "Yes, Yes", "citizen_assesment": "None detected", "citizen_sex": "Male", "uof_num": "25427, 25428", "latitude": null, "officer_condition": "No injuries noted or visible", "date": "2015-05-01T00:00:00", "citizen_injured": "No", "force_type": "Weapon display at Person, Verbal Command", "officer_sex": "Male", "officer_hospital": "No", "officer_race": "White", "time": "2:24", "citizen_charge": "No Arrest", "street_address": "11900 S JUPITER Rd."}, {"citizen_arrested": "No", "uof_reason": "Weapon Display", "longitude": null, "id": 784, "citizen_number": null, "hire_date": "2013-09-25T00:00:00", "citizen_race": "White", "service_type": "Service Call", "curren_badge_no": "10647", "citizen_condition": "No injuries noted or visible", "officer_injured": "No", "force_effective": "Yes, Yes", "citizen_assesment": "None detected", "citizen_sex": "Female", "uof_num": "25427, 25428", "latitude": null, "officer_condition": "No injuries noted or visible", "date": "2015-05-01T00:00:00", "citizen_injured": "No", "force_type": "Weapon display at Person, Verbal Command", "officer_sex": "Male", "officer_hospital": "No", "officer_race": "White", "time": "2:24", "citizen_charge": "No Arrest", "street_address": "11900 S JUPITER Rd."}, {"citizen_arrested": "Yes", "uof_reason": "Arrest", "longitude": null, "id": 787, "citizen_number": "39400", "hire_date": "2009-03-18T00:00:00", "citizen_race": "Black", "service_type": "Arrest", "curren_badge_no": "9792", "citizen_condition": "PAIN IN LEFT SHOULDER", "officer_injured": "No", "force_effective": "Yes", "citizen_assesment": "None detected", "citizen_sex": "Male", "uof_num": "25839", "latitude": null, "officer_condition": "No injuries noted or visible", "date": "2015-05-22T00:00:00", "citizen_injured": "Yes", "force_type": "Hand Controlled Escort", "officer_sex": "Female", "officer_hospital": "No", "officer_race": "White", "time": "21:30", "citizen_charge": "DWLI, Warrant/Hold", "street_address": "3401 ST FRANCIS AVE"}, {"citizen_arrested": "Yes", "uof_reason": "Active Aggression", "longitude": null, "id": 812, "citizen_number": "38839", "hire_date": "2006-09-13T00:00:00", "citizen_race": "Black", "service_type": "Service Call", "curren_badge_no": "8912", "citizen_condition": "Abrasion/Scrape", "officer_injured": "No", "force_effective": "No, Yes", "citizen_assesment": "Unknown", "citizen_sex": "Male", "uof_num": "25143, 25144", "latitude": null, "officer_condition": "No injuries noted or visible", "date": "2015-04-18T00:00:00", "citizen_injured": "Yes", "force_type": "Verbal Command, Joint Locks", "officer_sex": "Male", "officer_hospital": "No", "officer_race": "White", "time": "6:00", "citizen_charge": "Warrant/Hold", "street_address": "4300 ELSIE FAYE HEGGINS St."}, {"citizen_arrested": "Yes", "uof_reason": "Other", "longitude": null, "id": 850, "citizen_number": "39489", "hire_date": "2014-01-29T00:00:00", "citizen_race": "Hispanic", "service_type": "Arrest", "curren_badge_no": "10727", "citizen_condition": "No injuries noted or visible", "officer_injured": "No", "force_effective": "Yes, Yes, No", "citizen_assesment": "Alchohol", "citizen_sex": "Male", "uof_num": "26044, 26046, 26382", "latitude": null, "officer_condition": "No injuries noted or visible", "date": "2015-05-31T00:00:00", "citizen_injured": "No", "force_type": "Held Suspect Down, Hand Controlled Escort, Verbal Command", "officer_sex": "Male", "officer_hospital": "No", "officer_race": "Black", "time": "3:00", "citizen_charge": "Public Intoxication", "street_address": "9810 DALECREST Dr."}, {"citizen_arrested": "Yes", "uof_reason": "Arrest", "longitude": null, "id": 883, "citizen_number": "38051", "hire_date": "2013-11-06T00:00:00", "citizen_race": "Black", "service_type": "Arrest", "curren_badge_no": "10705", "citizen_condition": "No injuries noted or visible", "officer_injured": "No", "force_effective": "No, No, Yes, No", "citizen_assesment": "Alchohol", "citizen_sex": "Male", "uof_num": "24244, 24245, 24246, 24364", "latitude": null, "officer_condition": "No injuries noted or visible", "date": "2015-03-08T00:00:00", "citizen_injured": "No", "force_type": "Feet/Leg/Knee Strike, Pressure Points, Held Suspect Down, Verbal Command", "officer_sex": "Female", "officer_hospital": "No", "officer_race": "Hispanic", "time": "5:00", "citizen_charge": "Burglary/Habitation, Assault/Public Servant", "street_address": "4846 ELSIE FAYE HEGGINS ST"}, {"citizen_arrested": "Yes", "uof_reason": "Arrest", "longitude": null, "id": 921, "citizen_number": "39960", "hire_date": "2007-12-05T00:00:00", "citizen_race": "Black", "service_type": "Service Call", "curren_badge_no": "10803", "citizen_condition": "No injuries noted or visible", "officer_injured": "No", "force_effective": "Yes, Yes", "citizen_assesment": "FD-Suspect w/ Gun", "citizen_sex": "Male", "uof_num": "26903, 26904", "latitude": null, "officer_condition": "No injuries noted or visible", "date": "2015-07-05T00:00:00", "citizen_injured": "No", "force_type": "Weapon display at Person, Verbal Command", "officer_sex": "Male", "officer_hospital": "No", "officer_race": "Black", "time": "0:10", "citizen_charge": "Other Misdemeanor Arrest", "street_address": "6800 S CENTRAL EXPY"}, {"citizen_arrested": "Yes", "uof_reason": "Arrest", "longitude": null, "id": 930, "citizen_number": "40070", "hire_date": "2007-11-28T00:00:00", "citizen_race": "Other", "service_type": "Arrest", "curren_badge_no": "9320", "citizen_condition": "No injuries noted or visible", "officer_injured": "No", "force_effective": "Yes", "citizen_assesment": "None detected", "citizen_sex": "Male", "uof_num": "27042", "latitude": null, "officer_condition": "No injuries noted or visible", "date": "2015-07-11T00:00:00", "citizen_injured": "No", "force_type": "Hand Controlled Escort", "officer_sex": "Male", "officer_hospital": "No", "officer_race": "White", "time": "21:00", "citizen_charge": "Warrant/Hold", "street_address": "3200 Old Mill Rd."}, {"citizen_arrested": "Yes", "uof_reason": "Other", "longitude": null, "id": 931, "citizen_number": "40110", "hire_date": "2006-06-30T00:00:00", "citizen_race": "Black", "service_type": "Other ( In Narrative)", "curren_badge_no": "8862", "citizen_condition": "No injuries noted or visible", "officer_injured": "No", "force_effective": "No, No", "citizen_assesment": "Unknown Drugs", "citizen_sex": "Male", "uof_num": "27078, 27081", "latitude": null, "officer_condition": "No injuries noted or visible", "date": "2015-07-13T00:00:00", "citizen_injured": "No", "force_type": "Verbal Command, Weapon display at Person", "officer_sex": "Male", "officer_hospital": "No", "officer_race": "Hispanic", "time": "10:06", "citizen_charge": "Warrant/Hold", "street_address": "S STEMMONS FWY"}, {"citizen_arrested": "Yes", "uof_reason": "Other", "longitude": null, "id": 932, "citizen_number": "40110", "hire_date": "1988-08-15T00:00:00", "citizen_race": "Black", "service_type": "Other ( In Narrative)", "curren_badge_no": "5842", "citizen_condition": "No injuries noted or visible", "officer_injured": "No", "force_effective": "Yes", "citizen_assesment": "Unknown Drugs", "citizen_sex": "Male", "uof_num": "27079", "latitude": null, "officer_condition": "No injuries noted or visible", "date": "2015-07-13T00:00:00", "citizen_injured": "No", "force_type": "Taser", "officer_sex": "Male", "officer_hospital": "No", "officer_race": "White", "time": "10:06", "citizen_charge": "Warrant/Hold", "street_address": "S STEMMONS FWY"}, {"citizen_arrested": "Yes", "uof_reason": "Other", "longitude": null, "id": 933, "citizen_number": "40110", "hire_date": "2000-07-10T00:00:00", "citizen_race": "Black", "service_type": "Other ( In Narrative)", "curren_badge_no": "6426", "citizen_condition": "No injuries noted or visible", "officer_injured": "No", "force_effective": "No", "citizen_assesment": "Unknown Drugs", "citizen_sex": "Male", "uof_num": "27080", "latitude": null, "officer_condition": "No injuries noted or visible", "date": "2015-07-13T00:00:00", "citizen_injured": "No", "force_type": "Weapon display at Person", "officer_sex": "Male", "officer_hospital": "No", "officer_race": "White", "time": "10:06", "citizen_charge": "Warrant/Hold", "street_address": "S STEMMONS FWY"}, {"citizen_arrested": "Yes", "uof_reason": "Other", "longitude": null, "id": 934, "citizen_number": "40110", "hire_date": "2014-05-07T00:00:00", "citizen_race": "Black", "service_type": "Other ( In Narrative)", "curren_badge_no": "10814", "citizen_condition": "No injuries noted or visible", "officer_injured": "No", "force_effective": "No", "citizen_assesment": "Unknown Drugs", "citizen_sex": "Male", "uof_num": "27082", "latitude": null, "officer_condition": "No injuries noted or visible", "date": "2015-07-13T00:00:00", "citizen_injured": "No", "force_type": "Weapon display at Person", "officer_sex": "Male", "officer_hospital": "No", "officer_race": "Black", "time": "10:06", "citizen_charge": "Warrant/Hold", "street_address": "S STEMMONS FWY"}, {"citizen_arrested": "Yes", "uof_reason": "Danger to self or others", "longitude": null, "id": 935, "citizen_number": "40110", "hire_date": "2014-05-07T00:00:00", "citizen_race": "Black", "service_type": "Call for Cover", "curren_badge_no": "10814", "citizen_condition": "No injuries noted or visible", "officer_injured": "No", "force_effective": "Yes, Yes", "citizen_assesment": "Unknown Drugs", "citizen_sex": "Male", "uof_num": "27100, 27102", "latitude": null, "officer_condition": "No injuries noted or visible", "date": "2015-07-13T00:00:00", "citizen_injured": "No", "force_type": "BD - Grabbed, BD - Tripped", "officer_sex": "Male", "officer_hospital": "No", "officer_race": "Black", "time": "10:06", "citizen_charge": "Other Misdemeanor Arrest", "street_address": "S STEMMONS FWY"}, {"citizen_arrested": "Yes", "uof_reason": "Danger to self or others", "longitude": null, "id": 959, "citizen_number": "39915", "hire_date": "2010-06-09T00:00:00", "citizen_race": "Hispanic", "service_type": "Arrest", "curren_badge_no": "10184", "citizen_condition": "No injuries noted or visible", "officer_injured": "No", "force_effective": "Yes", "citizen_assesment": "Alchohol", "citizen_sex": "Female", "uof_num": "26814", "latitude": null, "officer_condition": "No injuries noted or visible", "date": "2015-07-01T00:00:00", "citizen_injured": "No", "force_type": "OC Spray", "officer_sex": "Male", "officer_hospital": "No", "officer_race": "White", "time": "1:10", "citizen_charge": "DWI, Warrant/Hold, Resisting Search and Transport", "street_address": "3599 CANTON ST."}, {"citizen_arrested": "Yes", "uof_reason": "Weapon Display", "longitude": null, "id": 968, "citizen_number": "38713", "hire_date": "2013-05-08T00:00:00", "citizen_race": "Black", "service_type": "Arrest", "curren_badge_no": "10549", "citizen_condition": "No injuries noted or visible", "officer_injured": "No", "force_effective": "Yes, No", "citizen_assesment": "Unknown", "citizen_sex": "Male", "uof_num": "24954, 25220", "latitude": null, "officer_condition": "No injuries noted or visible", "date": "2015-04-12T00:00:00", "citizen_injured": "No", "force_type": "Weapon display at Person, Verbal Command", "officer_sex": "Male", "officer_hospital": "No", "officer_race": "White", "time": "23:03", "citizen_charge": "Evading Arrest, Robbery", "street_address": "4838 ELSIE FAYE HEGGINS St."}, {"citizen_arrested": "Yes", "uof_reason": "Arrest", "longitude": null, "id": 1026, "citizen_number": "39731", "hire_date": "1988-02-11T00:00:00", "citizen_race": "Hispanic", "service_type": "Arrest", "curren_badge_no": "5735", "citizen_condition": "Bite", "officer_injured": "Yes", "force_effective": "Yes", "citizen_assesment": "Alchohol and unknown drugs", "citizen_sex": "Male", "uof_num": "26424", "latitude": null, "officer_condition": "Bruise, Abrasion/Scrape", "date": "2015-06-17T00:00:00", "citizen_injured": "Yes", "force_type": "K-9 Deployment", "officer_sex": "Male", "officer_hospital": "No", "officer_race": "White", "time": "22:49", "citizen_charge": "Assault, Evading Arrest, Warrant/Hold", "street_address": "6599 SPUR 408"}, {"citizen_arrested": "No", "uof_reason": "Other", "longitude": null, "id": 1059, "citizen_number": "39768", "hire_date": "2008-04-02T00:00:00", "citizen_race": "White", "service_type": "Service Call", "curren_badge_no": "9441", "citizen_condition": "No injuries noted or visible", "officer_injured": "No", "force_effective": "No, Yes", "citizen_assesment": "Alchohol", "citizen_sex": "Male", "uof_num": "26487, 26488", "latitude": null, "officer_condition": "No injuries noted or visible", "date": "2015-06-20T00:00:00", "citizen_injured": "No", "force_type": "Verbal Command, Weapon display at Person", "officer_sex": "Male", "officer_hospital": "No", "officer_race": "Hispanic", "time": "1:15", "citizen_charge": "No Arrest", "street_address": "3200 Olvier St."}, {"citizen_arrested": "No", "uof_reason": "Active Aggression", "longitude": null, "id": 1067, "citizen_number": "40306", "hire_date": "2012-09-26T00:00:00", "citizen_race": "White", "service_type": "Service Call", "curren_badge_no": "10485", "citizen_condition": "Taser Burn Marks", "officer_injured": "No", "force_effective": "Yes", "citizen_assesment": "Alchohol and unknown drugs", "citizen_sex": "Male", "uof_num": "27338", "latitude": null, "officer_condition": "No injuries noted or visible", "date": "2015-07-22T00:00:00", "citizen_injured": "Yes", "force_type": "Taser", "officer_sex": "Male", "officer_hospital": "No", "officer_race": "White", "time": "23:15", "citizen_charge": "No Arrest", "street_address": "39700 L B J FWY"}, {"citizen_arrested": "Yes", "uof_reason": "Weapon Display", "longitude": null, "id": 1087, "citizen_number": "40220", "hire_date": "2012-06-20T00:00:00", "citizen_race": "Black", "service_type": "Service Call", "curren_badge_no": "10432", "citizen_condition": "No injuries noted or visible", "officer_injured": "No", "force_effective": "Yes", "citizen_assesment": "Unknown", "citizen_sex": "Male", "uof_num": "27182", "latitude": null, "officer_condition": "No injuries noted or visible", "date": "2015-07-15T00:00:00", "citizen_injured": "No", "force_type": "Taser Display at Person", "officer_sex": "Female", "officer_hospital": "No", "officer_race": "Hispanic", "time": "15:31", "citizen_charge": "Warrant/Hold, Resisting Search and Transport, Drug Possession - Misdemeanor", "street_address": "3943 COCKRELL HILL Rd."}, {"citizen_arrested": "Yes", "uof_reason": "Property Destruction", "longitude": null, "id": 1101, "citizen_number": "39745", "hire_date": "1990-04-02T00:00:00", "citizen_race": "White", "service_type": "Arrest", "curren_badge_no": "6293", "citizen_condition": "No injuries noted or visible", "officer_injured": "No", "force_effective": "No, Yes", "citizen_assesment": "NULL", "citizen_sex": "Male", "uof_num": "27454, 27455", "latitude": null, "officer_condition": "No injuries noted or visible", "date": "2015-07-24T00:00:00", "citizen_injured": "No", "force_type": "Verbal Command, Pressure Points", "officer_sex": "Male", "officer_hospital": "No", "officer_race": "White", "time": "20:45", "citizen_charge": "DWI", "street_address": "19000 N DALLAS PKWY Pkwy."}, {"citizen_arrested": "Yes", "uof_reason": "Detention/Frisk", "longitude": null, "id": 1125, "citizen_number": "39763", "hire_date": "2008-10-15T00:00:00", "citizen_race": "White", "service_type": "Arrest", "curren_badge_no": "9639", "citizen_condition": "No injuries noted or visible", "officer_injured": "No", "force_effective": "Yes", "citizen_assesment": "Alchohol", "citizen_sex": "Male", "uof_num": "26479", "latitude": null, "officer_condition": "No injuries noted or visible", "date": "2015-06-19T00:00:00", "citizen_injured": "No", "force_type": "Hand Controlled Escort", "officer_sex": "Male", "officer_hospital": "No", "officer_race": "White", "time": "22:00", "citizen_charge": "Assault/FV", "street_address": "7780 MCCALUM BLVD Blvd."}, {"citizen_arrested": "Yes", "uof_reason": "Danger to self or others", "longitude": null, "id": 1138, "citizen_number": "40172", "hire_date": "2009-08-19T00:00:00", "citizen_race": "Hispanic", "service_type": "Other ( In Narrative)", "curren_badge_no": "9945", "citizen_condition": "No injuries noted or visible", "officer_injured": "Yes", "force_effective": "No, Yes", "citizen_assesment": "Mentally unstable", "citizen_sex": "Male", "uof_num": "27128, 27129", "latitude": null, "officer_condition": "Sprain/Strain", "date": "2015-07-14T00:00:00", "citizen_injured": "No", "force_type": "Verbal Command, BD - Grabbed", "officer_sex": "Male", "officer_hospital": "No", "officer_race": "Asian", "time": "20:45", "citizen_charge": "APOWW", "street_address": "8200 L B J FWY"}, {"citizen_arrested": "No", "uof_reason": "Other", "longitude": null, "id": 1140, "citizen_number": "33369", "hire_date": "1989-04-12T00:00:00", "citizen_race": "White", "service_type": "Service Call", "curren_badge_no": "6006", "citizen_condition": "No injuries noted or visible", "officer_injured": "No", "force_effective": "Yes", "citizen_assesment": "None detected", "citizen_sex": "Male", "uof_num": "27659", "latitude": null, "officer_condition": "No injuries noted or visible", "date": "2015-08-08T00:00:00", "citizen_injured": "No", "force_type": "BD - Pushed", "officer_sex": "Female", "officer_hospital": "No", "officer_race": "White", "time": "13:16", "citizen_charge": "No Arrest", "street_address": "13685 N CENTRAL EXPWY Expwy."}, {"citizen_arrested": "No", "uof_reason": "Detention/Frisk", "longitude": null, "id": 1158, "citizen_number": "40582", "hire_date": "2009-04-29T00:00:00", "citizen_race": "Hispanic", "service_type": "Suspicious Activity", "curren_badge_no": "9821", "citizen_condition": "No injuries noted or visible", "officer_injured": "No", "force_effective": "Yes", "citizen_assesment": "Marijuana", "citizen_sex": "Male", "uof_num": "27620", "latitude": null, "officer_condition": "No injuries noted or visible", "date": "2015-08-07T00:00:00", "citizen_injured": "No", "force_type": "Verbal Command", "officer_sex": "Male", "officer_hospital": "No", "officer_race": "White", "time": "18:45", "citizen_charge": "No Arrest", "street_address": "2300 BROOKHAVEN Dr."}, {"citizen_arrested": "No", "uof_reason": "Other", "longitude": null, "id": 1159, "citizen_number": "40583", "hire_date": "2009-04-29T00:00:00", "citizen_race": "Hispanic", "service_type": "Suspicious Activity", "curren_badge_no": "9829", "citizen_condition": "No injuries noted or visible", "officer_injured": "No", "force_effective": "Yes", "citizen_assesment": "None detected", "citizen_sex": "Female", "uof_num": "27622", "latitude": null, "officer_condition": "No injuries noted or visible", "date": "2015-08-07T00:00:00", "citizen_injured": "No", "force_type": "Verbal Command", "officer_sex": "Female", "officer_hospital": "No", "officer_race": "White", "time": "18:26", "citizen_charge": "No Arrest", "street_address": "2300 BROOKHAVEN Dr."}, {"citizen_arrested": "No", "uof_reason": "Detention/Frisk", "longitude": null, "id": 1201, "citizen_number": "40722", "hire_date": "2003-10-24T00:00:00", "citizen_race": "White", "service_type": "Suspicious Activity", "curren_badge_no": "8456", "citizen_condition": "No injuries noted or visible", "officer_injured": "No", "force_effective": "Yes", "citizen_assesment": "Unknown", "citizen_sex": "Male", "uof_num": "27807", "latitude": null, "officer_condition": "No injuries noted or visible", "date": "2015-08-14T00:00:00", "citizen_injured": "No", "force_type": "Joint Locks", "officer_sex": "Male", "officer_hospital": "No", "officer_race": "White", "time": "23:55", "citizen_charge": "No Arrest", "street_address": "100 EXPOSITION AVE."}, {"citizen_arrested": "Yes", "uof_reason": "Danger to self or others", "longitude": null, "id": 1222, "citizen_number": "40966", "hire_date": "2008-09-17T00:00:00", "citizen_race": "Hispanic", "service_type": "Service Call", "curren_badge_no": "9628", "citizen_condition": "No injuries noted or visible", "officer_injured": "No", "force_effective": "Yes", "citizen_assesment": "Mentally unstable", "citizen_sex": "Male", "uof_num": "28166", "latitude": null, "officer_condition": "No injuries noted or visible", "date": "2015-08-29T00:00:00", "citizen_injured": "No", "force_type": "Taser Display at Person", "officer_sex": "Male", "officer_hospital": "No", "officer_race": "White", "time": "10:17", "citizen_charge": "APOWW", "street_address": "500 N WALTON WALKER BLVD"}, {"citizen_arrested": "Yes", "uof_reason": "Active Aggression", "longitude": null, "id": 1235, "citizen_number": "25826", "hire_date": "2014-03-12T00:00:00", "citizen_race": "Black", "service_type": "Arrest", "curren_badge_no": "10778", "citizen_condition": "Bruise, Redness/Swelling", "officer_injured": "No", "force_effective": "Yes, Yes, Yes", "citizen_assesment": "NULL", "citizen_sex": "Male", "uof_num": "31964, 31965, 31966", "latitude": null, "officer_condition": "No injuries noted or visible", "date": "2015-07-10T00:00:00", "citizen_injured": "No", "force_type": "Weapon display at Person, Feet/Leg/Knee Strike, Hand Controlled Escort", "officer_sex": "Male", "officer_hospital": "No", "officer_race": "White", "time": "3:00", "citizen_charge": "Burglary/Habitation", "street_address": "5122 2ND AVE"}, {"citizen_arrested": "Yes", "uof_reason": "Arrest", "longitude": null, "id": 1248, "citizen_number": "29011", "hire_date": "2009-07-08T00:00:00", "citizen_race": "Black", "service_type": "Arrest", "curren_badge_no": "9896", "citizen_condition": "No injuries noted or visible", "officer_injured": "No", "force_effective": "Yes", "citizen_assesment": "Marijuana", "citizen_sex": "Male", "uof_num": "28176", "latitude": null, "officer_condition": "No injuries noted or visible", "date": "2015-08-29T00:00:00", "citizen_injured": "No", "force_type": "Take Down - Body", "officer_sex": "Male", "officer_hospital": "No", "officer_race": "White", "time": "21:43", "citizen_charge": "Evading Arrest, Theft", "street_address": "40100 L B J FWY"}, {"citizen_arrested": "Yes", "uof_reason": "Active Aggression", "longitude": null, "id": 1298, "citizen_number": "40462", "hire_date": "2005-11-30T00:00:00", "citizen_race": "Hispanic", "service_type": "Arrest", "curren_badge_no": "8738", "citizen_condition": "Taser Burn Marks", "officer_injured": "No", "force_effective": "No, No, Yes", "citizen_assesment": "FD-Unknown if Armed", "citizen_sex": "Male", "uof_num": "27514, 27515, 27516", "latitude": null, "officer_condition": "No injuries noted or visible", "date": "2015-07-31T00:00:00", "citizen_injured": "Yes", "force_type": "Verbal Command, Weapon display at Person, Taser", "officer_sex": "Male", "officer_hospital": "No", "officer_race": "White", "time": "12:25", "citizen_charge": "Assault/FV", "street_address": "39900 L B J FWY"}, {"citizen_arrested": "No", "uof_reason": "Weapon Display", "longitude": null, "id": 1383, "citizen_number": "39488", "hire_date": "2012-06-20T00:00:00", "citizen_race": "Hispanic", "service_type": "Service Call", "curren_badge_no": "10412", "citizen_condition": "No injuries noted or visible", "officer_injured": "No", "force_effective": "Yes", "citizen_assesment": "Unknown", "citizen_sex": "Male", "uof_num": "26038", "latitude": null, "officer_condition": "No injuries noted or visible", "date": "2015-05-30T00:00:00", "citizen_injured": "No", "force_type": "Weapon display at Person", "officer_sex": "Male", "officer_hospital": "No", "officer_race": "Hispanic", "time": "23:15", "citizen_charge": "No Arrest", "street_address": "200 S St Augustine Rd."}, {"citizen_arrested": "Yes", "uof_reason": "Active Aggression", "longitude": null, "id": 1406, "citizen_number": "39062", "hire_date": "2012-06-20T00:00:00", "citizen_race": "Hispanic", "service_type": "Service Call", "curren_badge_no": "10415", "citizen_condition": "Bloody Nose", "officer_injured": "Yes", "force_effective": "Yes, Yes, No", "citizen_assesment": "Alchohol and unknown drugs", "citizen_sex": "Male", "uof_num": "25449, 25450, 27447", "latitude": null, "officer_condition": "BLOOD EXPOSURE", "date": "2015-05-01T00:00:00", "citizen_injured": "Yes", "force_type": "Hand Controlled Escort, Joint Locks, Verbal Command", "officer_sex": "Male", "officer_hospital": "Yes", "officer_race": "White", "time": "23:00", "citizen_charge": "DWI, Evading Arrest, Assault/Public Servant", "street_address": "6400 E R L THORNTON FWY"}, {"citizen_arrested": "Yes", "uof_reason": "Arrest", "longitude": null, "id": 1435, "citizen_number": "39421", "hire_date": "2013-04-10T00:00:00", "citizen_race": "Black", "service_type": "Arrest", "curren_badge_no": "10510", "citizen_condition": "No injuries noted or visible", "officer_injured": "No", "force_effective": "No, Yes, No", "citizen_assesment": "Alchohol and unknown drugs", "citizen_sex": "Male", "uof_num": "25869, 25870, 25871", "latitude": null, "officer_condition": "No injuries noted or visible", "date": "2015-05-23T00:00:00", "citizen_injured": "No", "force_type": "BD - Grabbed, Take Down - Body, Verbal Command", "officer_sex": "Male", "officer_hospital": "No", "officer_race": "Black", "time": "4:44", "citizen_charge": "Public Intoxication, Drug Possession - Felony", "street_address": "9400 L B J FWY"}, {"citizen_arrested": "No", "uof_reason": "Active Aggression", "longitude": null, "id": 1497, "citizen_number": "40823", "hire_date": "2008-08-20T00:00:00", "citizen_race": "Black", "service_type": "Service Call", "curren_badge_no": "9576", "citizen_condition": "No injuries noted or visible", "officer_injured": "No", "force_effective": "No, Yes, Yes", "citizen_assesment": "Unknown", "citizen_sex": "Male", "uof_num": "27944, 27945, 27946", "latitude": null, "officer_condition": "No injuries noted or visible", "date": "2015-08-20T00:00:00", "citizen_injured": "No", "force_type": "Verbal Command, Taser Display at Person, Verbal Command", "officer_sex": "Female", "officer_hospital": "No", "officer_race": "White", "time": "22:54", "citizen_charge": "No Arrest", "street_address": "2000 S CESAR CHAVEZ"}, {"citizen_arrested": "Yes", "uof_reason": "Arrest", "longitude": null, "id": 1513, "citizen_number": "41265", "hire_date": "2012-05-09T00:00:00", "citizen_race": "White", "service_type": "Crime in Progress", "curren_badge_no": "10353", "citizen_condition": "Injured prior to contact", "officer_injured": "No", "force_effective": "No, Yes", "citizen_assesment": "Marijuana", "citizen_sex": "Male", "uof_num": "28573, 28574", "latitude": null, "officer_condition": "No injuries noted or visible", "date": "2015-09-18T00:00:00", "citizen_injured": "Yes", "force_type": "Verbal Command, Take Down - Arm", "officer_sex": "Male", "officer_hospital": "No", "officer_race": "White", "time": "3:25", "citizen_charge": "Burglary of a Vehicle, Evading Arrest", "street_address": "1700` N LAMAR St."}, {"citizen_arrested": "Yes", "uof_reason": "Detention/Frisk", "longitude": null, "id": 1533, "citizen_number": "41449", "hire_date": "2014-05-07T00:00:00", "citizen_race": "White", "service_type": "Service Call", "curren_badge_no": "10808", "citizen_condition": "No injuries noted or visible", "officer_injured": "No", "force_effective": "Yes", "citizen_assesment": "Alchohol", "citizen_sex": "Male", "uof_num": "28742", "latitude": null, "officer_condition": "No injuries noted or visible", "date": "2015-09-27T00:00:00", "citizen_injured": "No", "force_type": "Take Down - Body", "officer_sex": "Male", "officer_hospital": "No", "officer_race": "Black", "time": "4:45", "citizen_charge": "Public Intoxication", "street_address": "300 Reunion Blvd."}, {"citizen_arrested": "Yes", "uof_reason": "Arrest", "longitude": null, "id": 1552, "citizen_number": "40694", "hire_date": "2007-09-26T00:00:00", "citizen_race": "Black", "service_type": "Arrest", "curren_badge_no": "9278", "citizen_condition": "No injuries noted or visible", "officer_injured": "Yes", "force_effective": "Yes", "citizen_assesment": "Unknown", "citizen_sex": "Female", "uof_num": "27773", "latitude": null, "officer_condition": "Laceration/Cut", "date": "2015-08-10T00:00:00", "citizen_injured": "No", "force_type": "Take Down - Arm", "officer_sex": "Male", "officer_hospital": "No", "officer_race": "Black", "time": "23:00", "citizen_charge": "Theft, Resisting Arrest", "street_address": "9301 FORREST LANE Ln."}, {"citizen_arrested": "Yes", "uof_reason": "Detention/Frisk", "longitude": null, "id": 1572, "citizen_number": "41760", "hire_date": "1995-08-04T00:00:00", "citizen_race": "White", "service_type": "Service Call", "curren_badge_no": "7243", "citizen_condition": "No injuries noted or visible", "officer_injured": "Yes", "force_effective": "Yes", "citizen_assesment": "Unknown", "citizen_sex": "Male", "uof_num": "29639", "latitude": null, "officer_condition": "Sprain/Strain, STRAIN LOW BACK", "date": "2015-10-15T00:00:00", "citizen_injured": "No", "force_type": "Joint Locks", "officer_sex": "Male", "officer_hospital": "No", "officer_race": "White", "time": "0:00", "citizen_charge": "Resisting Arrest, Warrant/Hold", "street_address": "2700 N Houston"}, {"citizen_arrested": "Yes", "uof_reason": "Active Aggression", "longitude": null, "id": 1575, "citizen_number": "41796", "hire_date": "2014-01-29T00:00:00", "citizen_race": "Black", "service_type": "Service Call", "curren_badge_no": "10721", "citizen_condition": "No injuries noted or visible", "officer_injured": "No", "force_effective": "Yes, No, Yes", "citizen_assesment": "None detected", "citizen_sex": "Male", "uof_num": "29311, 29312, 29313", "latitude": null, "officer_condition": "No injuries noted or visible", "date": "2015-10-16T00:00:00", "citizen_injured": "No", "force_type": "BD - Grabbed, Verbal Command, Held Suspect Down", "officer_sex": "Female", "officer_hospital": "No", "officer_race": "Black", "time": "16:07", "citizen_charge": "Assault/Public Servant, Resisting Arrest", "street_address": "3627 N BONNIEVIEW RD Rd."}, {"citizen_arrested": "Yes", "uof_reason": "Danger to self or others", "longitude": null, "id": 1594, "citizen_number": "40216", "hire_date": "2006-05-03T00:00:00", "citizen_race": "Hispanic", "service_type": "Service Call", "curren_badge_no": "8830", "citizen_condition": "Abrasion/Scrape", "officer_injured": "No", "force_effective": "Yes, No", "citizen_assesment": "Mentally unstable", "citizen_sex": "Male", "uof_num": "27178, 28537", "latitude": null, "officer_condition": "No injuries noted or visible", "date": "2015-07-17T00:00:00", "citizen_injured": "Yes", "force_type": "Hand Controlled Escort, Verbal Command", "officer_sex": "Male", "officer_hospital": "No", "officer_race": "White", "time": "12:30", "citizen_charge": "APOWW", "street_address": "10930 Lake June RD"}, {"citizen_arrested": "Yes", "uof_reason": "Arrest", "longitude": null, "id": 1620, "citizen_number": "41978", "hire_date": "2013-09-25T00:00:00", "citizen_race": "Black", "service_type": "Service Call", "curren_badge_no": "10639", "citizen_condition": "No injuries noted or visible", "officer_injured": "No", "force_effective": "Yes, Yes", "citizen_assesment": "Unknown Drugs", "citizen_sex": "Male", "uof_num": "29530, 29531", "latitude": null, "officer_condition": "No injuries noted or visible", "date": "2015-10-25T00:00:00", "citizen_injured": "No", "force_type": "BD - Grabbed, Take Down - Arm", "officer_sex": "Male", "officer_hospital": "No", "officer_race": "White", "time": "21:00", "citizen_charge": "Evading Arrest, Robbery, Other Misdemeanor Arrest", "street_address": "11350 L B J FWY"}, {"citizen_arrested": "Yes", "uof_reason": "Arrest", "longitude": null, "id": 1686, "citizen_number": "41802", "hire_date": "2015-01-28T00:00:00", "citizen_race": "Black", "service_type": "Arrest", "curren_badge_no": "10965", "citizen_condition": "No injuries noted or visible", "officer_injured": "No", "force_effective": "Yes", "citizen_assesment": "Alchohol", "citizen_sex": "Male", "uof_num": "29319", "latitude": null, "officer_condition": "No injuries noted or visible", "date": "2015-10-16T00:00:00", "citizen_injured": "No", "force_type": "Weapon display at Person", "officer_sex": "Male", "officer_hospital": "No", "officer_race": "Hispanic", "time": "23:45", "citizen_charge": "Discharge Firearm, Warrant/Hold", "street_address": "8321 DEANSGATE Ln."}, {"citizen_arrested": "Yes", "uof_reason": "Arrest", "longitude": null, "id": 1687, "citizen_number": "41802", "hire_date": "2007-06-13T00:00:00", "citizen_race": "Black", "service_type": "Arrest", "curren_badge_no": "9149", "citizen_condition": "No injuries noted or visible", "officer_injured": "No", "force_effective": "Yes, Yes", "citizen_assesment": "Alchohol", "citizen_sex": "Male", "uof_num": "29320, 29321", "latitude": null, "officer_condition": "No injuries noted or visible", "date": "2015-10-16T00:00:00", "citizen_injured": "No", "force_type": "Weapon display at Person, Verbal Command", "officer_sex": "Male", "officer_hospital": "No", "officer_race": "White", "time": "23:45", "citizen_charge": "Discharge Firearm, Warrant/Hold", "street_address": "8321 DEANSGATE Ln."}, {"citizen_arrested": "Yes", "uof_reason": "Arrest", "longitude": null, "id": 1737, "citizen_number": "42138", "hire_date": "2013-06-19T00:00:00", "citizen_race": "Black", "service_type": "Service Call", "curren_badge_no": "10583", "citizen_condition": "No injuries noted or visible", "officer_injured": "No", "force_effective": "No, No, No, No, Yes, Yes", "citizen_assesment": "FD-Unknown if Armed", "citizen_sex": "Male", "uof_num": "29827, 29828, 29829, 29830, 29831, 29832", "latitude": null, "officer_condition": "No injuries noted or visible", "date": "2015-11-08T00:00:00", "citizen_injured": "No", "force_type": "Verbal Command, Combat Stance, Weapon display at Person, BD - Grabbed, Take Down - Arm, Held Suspect Down", "officer_sex": "Male", "officer_hospital": "No", "officer_race": "White", "time": "3:40", "citizen_charge": "Assault/FV", "street_address": "1350 SKYLINE Rd."}, {"citizen_arrested": "Yes", "uof_reason": "Detention/Frisk", "longitude": null, "id": 1738, "citizen_number": "42138", "hire_date": "2014-05-07T00:00:00", "citizen_race": "Black", "service_type": "Service Call", "curren_badge_no": "10809", "citizen_condition": "No injuries noted or visible", "officer_injured": "No", "force_effective": "No, No, Yes", "citizen_assesment": "NULL", "citizen_sex": "Male", "uof_num": "29836, 29837, 29838", "latitude": null, "officer_condition": "No injuries noted or visible", "date": "2015-11-08T00:00:00", "citizen_injured": "No", "force_type": "Verbal Command, Weapon display at Person, Held Suspect Down", "officer_sex": "Female", "officer_hospital": "No", "officer_race": "White", "time": "3:40", "citizen_charge": "Assault/FV", "street_address": "1350 SKYLINE Rd."}, {"citizen_arrested": "Yes", "uof_reason": "Detention/Frisk", "longitude": null, "id": 1739, "citizen_number": "42138", "hire_date": "2013-06-19T00:00:00", "citizen_race": "Black", "service_type": "Service Call", "curren_badge_no": "10583", "citizen_condition": "No injuries noted or visible", "officer_injured": "No", "force_effective": "No, No, No, No, Yes", "citizen_assesment": "NULL", "citizen_sex": "Male", "uof_num": "29839, 29840, 29841, 29842, 29843", "latitude": null, "officer_condition": "No injuries noted or visible", "date": "2015-11-08T00:00:00", "citizen_injured": "No", "force_type": "Verbal Command, Combat Stance, Weapon display at Person, BD - Grabbed, Take Down - Arm", "officer_sex": "Male", "officer_hospital": "No", "officer_race": "White", "time": "3:40", "citizen_charge": "Assault/FV", "street_address": "1350 SKYLINE Rd."}, {"citizen_arrested": "Yes", "uof_reason": "Arrest", "longitude": null, "id": 1755, "citizen_number": "40412", "hire_date": "2009-06-10T00:00:00", "citizen_race": "Hispanic", "service_type": "Arrest", "curren_badge_no": "9855", "citizen_condition": "No injuries noted or visible", "officer_injured": "No", "force_effective": "Yes", "citizen_assesment": "Unknown", "citizen_sex": "Male", "uof_num": "27472", "latitude": null, "officer_condition": "No injuries noted or visible", "date": "2015-07-28T00:00:00", "citizen_injured": "No", "force_type": "Weapon display at Person", "officer_sex": "Male", "officer_hospital": "No", "officer_race": "White", "time": "16:00", "citizen_charge": "Warrant/Hold, Drug Possession - Misdemeanor", "street_address": "11350 L B J FWY."}, {"citizen_arrested": "Yes", "uof_reason": "Detention/Frisk", "longitude": null, "id": 1745, "citizen_number": "42189", "hire_date": "2010-06-09T00:00:00", "citizen_race": "Black", "service_type": "Traffic Stop", "curren_badge_no": "10169", "citizen_condition": "Puncture", "officer_injured": "No", "force_effective": "Yes", "citizen_assesment": "Marijuana", "citizen_sex": "Male", "uof_num": "29894", "latitude": null, "officer_condition": "No injuries noted or visible", "date": "2015-11-11T00:00:00", "citizen_injured": "Yes", "force_type": "Taser", "officer_sex": "Male", "officer_hospital": "No", "officer_race": "White", "time": "0:45", "citizen_charge": "Warrant/Hold, Resisting Arrest, Drug Possession - Misdemeanor", "street_address": "3100 PRES GEORGE BUSH TPKE"}, {"citizen_arrested": "Yes", "uof_reason": "Arrest", "longitude": null, "id": 1746, "citizen_number": "42189", "hire_date": "2012-09-26T00:00:00", "citizen_race": "Black", "service_type": "Traffic Stop", "curren_badge_no": "10462", "citizen_condition": "No injuries noted or visible", "officer_injured": "No", "force_effective": "No, No, No", "citizen_assesment": "Marijuana", "citizen_sex": "Male", "uof_num": "29931, 29932, 29933", "latitude": null, "officer_condition": "No injuries noted or visible", "date": "2015-11-11T00:00:00", "citizen_injured": "No", "force_type": "Verbal Command, BD - Grabbed, Feet/Leg/Knee Strike", "officer_sex": "Female", "officer_hospital": "No", "officer_race": "White", "time": "0:45", "citizen_charge": "Warrant/Hold, Resisting Arrest, Drug Possession - Misdemeanor", "street_address": "3100 PRES GEORGE BUSH TPKE"}, {"citizen_arrested": "No", "uof_reason": "Detention/Frisk", "longitude": null, "id": 1759, "citizen_number": "41913", "hire_date": "2012-05-09T00:00:00", "citizen_race": "Hispanic", "service_type": "Pedestrian Stop", "curren_badge_no": "10379", "citizen_condition": "No injuries noted or visible", "officer_injured": "No", "force_effective": "No, Yes", "citizen_assesment": "None detected", "citizen_sex": "Male", "uof_num": "29466, 29467", "latitude": null, "officer_condition": "No injuries noted or visible", "date": "2015-10-25T00:00:00", "citizen_injured": "No", "force_type": "Verbal Command, Verbal Command", "officer_sex": "Male", "officer_hospital": "No", "officer_race": "Hispanic", "time": "0:20", "citizen_charge": "No Arrest", "street_address": "2800 E R L THORNTON FWY"}, {"citizen_arrested": "Yes", "uof_reason": "Arrest", "longitude": null, "id": 1775, "citizen_number": "42247", "hire_date": "2009-06-10T00:00:00", "citizen_race": "Hispanic", "service_type": "Arrest", "curren_badge_no": "9855", "citizen_condition": "Abrasion/Scrape", "officer_injured": "Yes", "force_effective": "Yes, Yes", "citizen_assesment": "Alchohol", "citizen_sex": "Male", "uof_num": "30009, 30010", "latitude": null, "officer_condition": "Abrasion/Scrape", "date": "2015-11-15T00:00:00", "citizen_injured": "No", "force_type": "Held Suspect Down, Take Down - Body", "officer_sex": "Male", "officer_hospital": "No", "officer_race": "White", "time": "18:15", "citizen_charge": "DWI, Other Felony Arrest", "street_address": "9000 L B J FWY"}, {"citizen_arrested": "Yes", "uof_reason": "Active Aggression", "longitude": null, "id": 1886, "citizen_number": "42426", "hire_date": "2013-09-25T00:00:00", "citizen_race": "Black", "service_type": "Arrest", "curren_badge_no": "10652", "citizen_condition": "Non-Visible Injury/Pain", "officer_injured": "No", "force_effective": "No, Yes", "citizen_assesment": "None detected", "citizen_sex": "Male", "uof_num": "32393, 32394", "latitude": null, "officer_condition": "No injuries noted or visible", "date": "2015-11-28T00:00:00", "citizen_injured": "No", "force_type": "Verbal Command, Joint Locks", "officer_sex": "Male", "officer_hospital": "No", "officer_race": "White", "time": "15:40", "citizen_charge": "Resisting Arrest", "street_address": "1502 CLARK Rd."}, {"citizen_arrested": "Yes", "uof_reason": "Arrest", "longitude": null, "id": 1911, "citizen_number": "39403", "hire_date": "2013-06-19T00:00:00", "citizen_race": "Black", "service_type": "Arrest", "curren_badge_no": "10573", "citizen_condition": "No injuries noted or visible", "officer_injured": "No", "force_effective": "Yes, Yes", "citizen_assesment": "Alchohol and unknown drugs", "citizen_sex": "Male", "uof_num": "25843, 25844", "latitude": null, "officer_condition": "No injuries noted or visible", "date": "2015-05-23T00:00:00", "citizen_injured": "No", "force_type": "Feet/Leg/Knee Strike, Handcuffing Take Down", "officer_sex": "Male", "officer_hospital": "No", "officer_race": "White", "time": "4:50", "citizen_charge": "Public Intoxication, Other Felony Arrest", "street_address": "4900  L B J FWY."}, {"citizen_arrested": "Yes", "uof_reason": "Detention/Frisk", "longitude": null, "id": 1917, "citizen_number": "42727", "hire_date": "1990-04-09T00:00:00", "citizen_race": "White", "service_type": "Arrest", "curren_badge_no": "6307", "citizen_condition": "Abrasion/Scrape", "officer_injured": "Yes", "force_effective": "Yes, Yes, Yes", "citizen_assesment": "None detected", "citizen_sex": "Male", "uof_num": "30686, 30687, 30688", "latitude": null, "officer_condition": "Abrasion/Scrape", "date": "2015-12-16T00:00:00", "citizen_injured": "Yes", "force_type": "Verbal Command, Take Down - Body, Held Suspect Down", "officer_sex": "Male", "officer_hospital": "No", "officer_race": "White", "time": "9:40", "citizen_charge": "Resisting Arrest, Other Misdemeanor Arrest", "street_address": "11000 N stemmons Frwy."}, {"citizen_arrested": "Yes", "uof_reason": "Arrest", "longitude": null, "id": 1937, "citizen_number": "27511", "hire_date": "2013-05-08T00:00:00", "citizen_race": "Black", "service_type": "Arrest", "curren_badge_no": "10551", "citizen_condition": "No injuries noted or visible", "officer_injured": "No", "force_effective": "Yes, No", "citizen_assesment": "Mentally unstable", "citizen_sex": "Male", "uof_num": "28034, 29415", "latitude": null, "officer_condition": "No injuries noted or visible", "date": "2015-08-23T00:00:00", "citizen_injured": "No", "force_type": "Held Suspect Down, Verbal Command", "officer_sex": "Male", "officer_hospital": "No", "officer_race": "White", "time": "19:10", "citizen_charge": "APOWW", "street_address": "7000 E RL THORNTON Frwy."}, {"citizen_arrested": "Yes", "uof_reason": "Arrest", "longitude": null, "id": 1972, "citizen_number": "41687", "hire_date": "2014-03-12T00:00:00", "citizen_race": "Black", "service_type": "Arrest", "curren_badge_no": "10767", "citizen_condition": "No injuries noted or visible", "officer_injured": "No", "force_effective": "No, Yes, No", "citizen_assesment": "Unknown Drugs", "citizen_sex": "Male", "uof_num": "29135, 29136, 29505", "latitude": null, "officer_condition": "No injuries noted or visible", "date": "2015-10-11T00:00:00", "citizen_injured": "No", "force_type": "Take Down - Body, Held Suspect Down, Verbal Command", "officer_sex": "Male", "officer_hospital": "No", "officer_race": "White", "time": "19:30", "citizen_charge": "Resisting Arrest, Man/Del/Dangerous Drug, Other Misdemeanor Arrest", "street_address": "2400 ST CLAIR ST."}, {"citizen_arrested": "Yes", "uof_reason": "Arrest", "longitude": null, "id": 2019, "citizen_number": "39937", "hire_date": "2013-06-19T00:00:00", "citizen_race": "Hispanic", "service_type": "Arrest", "curren_badge_no": "10592", "citizen_condition": "No injuries noted or visible", "officer_injured": "No", "force_effective": "No, Yes", "citizen_assesment": "None detected", "citizen_sex": "Male", "uof_num": "30977, 30978", "latitude": null, "officer_condition": "No injuries noted or visible", "date": "2015-07-02T00:00:00", "citizen_injured": "No", "force_type": "Verbal Command, Held Suspect Down", "officer_sex": "Male", "officer_hospital": "No", "officer_race": "Hispanic", "time": "20:16", "citizen_charge": "Warrant/Hold, Resisting Arrest", "street_address": "10600 N FERN Dr."}, {"citizen_arrested": "Yes", "uof_reason": "Arrest", "longitude": null, "id": 2043, "citizen_number": "42691", "hire_date": "2002-07-19T00:00:00", "citizen_race": "White", "service_type": "Arrest", "curren_badge_no": "8295", "citizen_condition": "No injuries noted or visible", "officer_injured": "No", "force_effective": "Yes, No", "citizen_assesment": "Alchohol", "citizen_sex": "Male", "uof_num": "30643, 30644", "latitude": null, "officer_condition": "No injuries noted or visible", "date": "2015-12-13T00:00:00", "citizen_injured": "No", "force_type": "Hand Controlled Escort, Verbal Command", "officer_sex": "Male", "officer_hospital": "No", "officer_race": "White", "time": "20:04", "citizen_charge": "Public Intoxication", "street_address": "8000 Herb Kelleher parkway Pkwy."}, {"citizen_arrested": "Yes", "uof_reason": "Arrest", "longitude": null, "id": 2044, "citizen_number": "42692", "hire_date": "2004-12-17T00:00:00", "citizen_race": "White", "service_type": "Arrest", "curren_badge_no": "8594", "citizen_condition": "No injuries noted or visible", "officer_injured": "No", "force_effective": "No, Yes", "citizen_assesment": "Alchohol", "citizen_sex": "Male", "uof_num": "30645, 30647", "latitude": null, "officer_condition": "No injuries noted or visible", "date": "2015-12-13T00:00:00", "citizen_injured": "No", "force_type": "Hand Controlled Escort, BD - Pushed", "officer_sex": "Male", "officer_hospital": "No", "officer_race": "Hispanic", "time": "20:02", "citizen_charge": "Public Intoxication", "street_address": "8000 Herb Kelleher parkway Pkwy."}, {"citizen_arrested": "Yes", "uof_reason": "Detention/Frisk", "longitude": null, "id": 2047, "citizen_number": "42965", "hire_date": "1990-06-06T00:00:00", "citizen_race": "White", "service_type": "Call for Cover", "curren_badge_no": "6365", "citizen_condition": "Abrasion/Scrape", "officer_injured": "No", "force_effective": "Yes", "citizen_assesment": "Unknown Drugs", "citizen_sex": "Female", "uof_num": "31117", "latitude": null, "officer_condition": "No injuries noted or visible", "date": "2015-12-30T00:00:00", "citizen_injured": "Yes", "force_type": "Joint Locks", "officer_sex": "Male", "officer_hospital": "No", "officer_race": "White", "time": "22:35", "citizen_charge": "Resisting Arrest, Theft", "street_address": "8000 Herb Kelleher Way"}, {"citizen_arrested": "Yes", "uof_reason": "Other", "longitude": null, "id": 2094, "citizen_number": "40991", "hire_date": "2014-03-12T00:00:00", "citizen_race": "White", "service_type": "Arrest", "curren_badge_no": "10779", "citizen_condition": "No injuries noted or visible", "officer_injured": "No", "force_effective": "Yes", "citizen_assesment": "Alchohol", "citizen_sex": "Female", "uof_num": "29024", "latitude": null, "officer_condition": "No injuries noted or visible", "date": "2015-08-31T00:00:00", "citizen_injured": "No", "force_type": "Weapon display at Person", "officer_sex": "Male", "officer_hospital": "No", "officer_race": "White", "time": "1:44", "citizen_charge": "DWI", "street_address": "9000 W Rolling Rock Lane Ln."}, {"citizen_arrested": "Yes", "uof_reason": "Arrest", "longitude": null, "id": 2096, "citizen_number": "35725", "hire_date": "2014-05-07T00:00:00", "citizen_race": "Black", "service_type": "Arrest", "curren_badge_no": "10790", "citizen_condition": "Abrasion/Scrape", "officer_injured": "No", "force_effective": "Yes, No, Yes, No", "citizen_assesment": "Unknown", "citizen_sex": "Male", "uof_num": "28901, 28902, 28903, 28908", "latitude": null, "officer_condition": "No injuries noted or visible", "date": "2015-10-03T00:00:00", "citizen_injured": "Yes", "force_type": "Take Down - Arm, BD - Grabbed, Held Suspect Down, Verbal Command", "officer_sex": "Male", "officer_hospital": "No", "officer_race": "Hispanic", "time": "21:17", "citizen_charge": "Warrant/Hold, Resisting Arrest", "street_address": "4326 S MALCOLM X Blvd."}, {"citizen_arrested": "No", "uof_reason": "Weapon Display", "longitude": null, "id": 2115, "citizen_number": "42783", "hire_date": "2007-06-13T00:00:00", "citizen_race": "Black", "service_type": "Service Call", "curren_badge_no": "9149", "citizen_condition": "No injuries noted or visible", "officer_injured": "No", "force_effective": "Yes, Yes", "citizen_assesment": "None detected", "citizen_sex": "Male", "uof_num": "30826, 30827", "latitude": null, "officer_condition": "No injuries noted or visible", "date": "2015-12-19T00:00:00", "citizen_injured": "No", "force_type": "Weapon display at Person, Verbal Command", "officer_sex": "Male", "officer_hospital": "No", "officer_race": "White", "time": "5:45", "citizen_charge": "No Arrest", "street_address": "8441 Deansgate Ln."}, {"citizen_arrested": "Yes", "uof_reason": "Active Aggression", "longitude": null, "id": 2118, "citizen_number": "42888", "hire_date": "2014-08-13T00:00:00", "citizen_race": "White", "service_type": "Arrest", "curren_badge_no": "10895", "citizen_condition": "Bruise, Redness/Swelling, Treated by DFD, Laceration/Cut", "officer_injured": "No", "force_effective": "No, No, No, No, Yes", "citizen_assesment": "Alchohol", "citizen_sex": "Male", "uof_num": "30947, 30948, 30949, 30950, 30951", "latitude": null, "officer_condition": "Laceration/Cut", "date": "2015-12-25T00:00:00", "citizen_injured": "Yes", "force_type": "Verbal Command, Hand/Arm/Elbow Strike, Hand/Arm/Elbow Strike, Hand/Arm/Elbow Strike, Hand/Arm/Elbow Strike", "officer_sex": "Male", "officer_hospital": "No", "officer_race": "White", "time": "20:01", "citizen_charge": "Assault/FV", "street_address": "225 N MUNGER Blvd."}, {"citizen_arrested": "Yes", "uof_reason": "Danger to self or others", "longitude": null, "id": 2169, "citizen_number": "42314", "hire_date": "2013-11-06T00:00:00", "citizen_race": "Hispanic", "service_type": "Arrest", "curren_badge_no": "10696", "citizen_condition": "No injuries noted or visible", "officer_injured": "No", "force_effective": "No, No, No, Yes", "citizen_assesment": "Alchohol", "citizen_sex": "Male", "uof_num": "30109, 30110, 30111, 30112", "latitude": null, "officer_condition": "No injuries noted or visible", "date": "2015-11-20T00:00:00", "citizen_injured": "No", "force_type": "Verbal Command, BD - Pushed, BD - Grabbed, BD - Grabbed", "officer_sex": "Male", "officer_hospital": "No", "officer_race": "White", "time": "0:45", "citizen_charge": "DWI", "street_address": "6200 E R L THORNTON FWY"}, {"citizen_arrested": "No", "uof_reason": "Active Aggression", "longitude": null, "id": 2183, "citizen_number": "42773", "hire_date": "2013-08-14T00:00:00", "citizen_race": "Black", "service_type": "Crowd Control", "curren_badge_no": "10624", "citizen_condition": "Abrasion/Scrape", "officer_injured": "No", "force_effective": "Yes, Yes, No, Yes, Yes", "citizen_assesment": "None detected", "citizen_sex": "Male", "uof_num": "30785, 30786, 30787, 30788, 30789", "latitude": null, "officer_condition": "No injuries noted or visible", "date": "2015-12-18T00:00:00", "citizen_injured": "Yes", "force_type": "BD - Grabbed, Held Suspect Down, Verbal Command, Hand Controlled Escort, BD - Pushed", "officer_sex": "Male", "officer_hospital": "No", "officer_race": "White", "time": "13:05", "citizen_charge": "No Arrest", "street_address": "1200 WHITE ROCK Trl."}, {"citizen_arrested": "Yes", "uof_reason": "Arrest", "longitude": null, "id": 2184, "citizen_number": "39522", "hire_date": "2014-08-13T00:00:00", "citizen_race": "White", "service_type": "Service Call", "curren_badge_no": "10873", "citizen_condition": "Laceration/Cut, Redness/Swelling, Abrasion/Scrape, cut on bottom of big toe, Abrasion/scrapes on shoulder", "officer_injured": "No", "force_effective": "Yes", "citizen_assesment": "Mentally unstable", "citizen_sex": "Male", "uof_num": "26099", "latitude": null, "officer_condition": "No injuries noted or visible", "date": "2015-06-02T00:00:00", "citizen_injured": "Yes", "force_type": "Taser", "officer_sex": "Male", "officer_hospital": "No", "officer_race": "White", "time": "16:30", "citizen_charge": "APOWW", "street_address": "N STEMMONS FWY"}, {"citizen_arrested": "Yes", "uof_reason": "Arrest", "longitude": null, "id": 2192, "citizen_number": "42793", "hire_date": "2006-11-15T00:00:00", "citizen_race": "Hispanic", "service_type": "Service Call", "curren_badge_no": "9000", "citizen_condition": "No injuries noted or visible", "officer_injured": "Yes", "force_effective": "Yes, Yes, Yes, Yes", "citizen_assesment": "Unknown Drugs", "citizen_sex": "Male", "uof_num": "30835, 30836, 30837, 30838", "latitude": null, "officer_condition": "Fluid Exposure, Hospitalized", "date": "2015-12-20T00:00:00", "citizen_injured": "No", "force_type": "Weapon display at Person, BD - Pushed, Hand Controlled Escort, Held Suspect Down", "officer_sex": "Male", "officer_hospital": "Yes", "officer_race": "Hispanic", "time": "16:23", "citizen_charge": "Unauthorize Use Vehicle, Resisting Arrest, Assault/Public Servant", "street_address": "2200 HARDY"}]